<?xml version="1.0" encoding="UTF-8" ?>
<Products>
    <Product>
        <Name>Laptop</Name>
        <Price>200000</Price>
        <Comment>
            <Name>Good Product</Name>
            <User>Mr. Amit</User>
            <Description>I got this product in good condition !</Description>
        </Comment>
        <Comment>
            <Name>Great Product</Name>
            <User>Mr. Sumeet</User>
            <Description>I got this product delivered Fast  !</Description>
        </Comment>
    </Product>
    <Product>
        <Name>Laptop</Name>
        <Price>200000</Price>
        <Comment>
            <Name>Not Good Product</Name>
            <User>Mr. Amit</User>
            <Description>I got this product in good condition !</Description>
        </Comment>
        <Comment>
            <Name>Not Great Product</Name>
            <User>Mr. Sumeet</User>
            <Description>I got this product delivered Fast  !</Description>
        </Comment>
    </Product>
</Products>
