<?xml version="1.0" encoding="UTF-8"?>
<Product 
Id="101"
xmlns:xsi="http://www.w3.org/2001/XMLSchema-instance"
xsi:noNamespaceSchemaLocation="ProductSchema.xsd"
>
    <Name>Camera</Name>
    <Price>200000</Price>
    <Comment >Good Product !</Comment>
    <Comment>Good Product !</Comment>
    <Comment>Good Product !</Comment>
    <Comment>Good Product !</Comment>
    <Comment>Good Product !</Comment>
    <Comment>Good Product !</Comment>
    <Comment>Good Product !</Comment>

</Product>
