<Products>
    <Product Id="1">
        <Name>Camera</Name>
        <Price>20000</Price>    
        <Quantity>10</Quantity>
    </Product>
    <Product Id="2">
        <Name>Laptop</Name>
        <Price>40000</Price>    
        <Quantity>10</Quantity>
    </Product>
    <Product Id="3">
        <Name>Shoes</Name>
        <Price>2000</Price>    
        <Quantity>50</Quantity>
    </Product>
    <Product Id="4">
        <Name>Watches</Name>
        <Price>2000</Price>    
        <Quantity>50</Quantity>
    </Product>
    <Product Id="5">
        <Name>Action Camera</Name>
        <Price>2000</Price>    
        <Quantity>50</Quantity>
    </Product>
    <Product>
        <Name>Socks</Name>
        <Price>2000</Price>    
        <Quantity>50</Quantity>
    </Product>
</Products>